common/array.c	array.c
common/array.h	array.h
lib/imlib/apriltag.c	apriltag.c
lib/imlib/bayer.c	bayer.c
lib/imlib/binary.c	binary.c
lib/imlib/blob.c	blob.c
lib/imlib/bmp.c	bmp.c
lib/imlib/clahe.c	clahe.c
lib/imlib/collections.c	collections.c
lib/imlib/collections.h	collections.h
lib/imlib/draw.c	draw.c
lib/imlib/edge.c	edge.c
lib/imlib/edl.c	edl.c
lib/imlib/eye.c	eye.c
lib/imlib/fast.c	fast.c
lib/imlib/fft.c	fft.c
lib/imlib/fft.h	fft.h
common/file_utils.c	file_utils.c
common/file_utils.h	file_utils.h
lib/imlib/filter.c	filter.c
lib/imlib/fmath.c	fmath.c
lib/imlib/fmath.h	fmath.h
lib/imlib/font.c	font.c
lib/imlib/font.h	font.h
lib/imlib/fsort.c	fsort.c
lib/imlib/fsort.h	fsort.h
lib/imlib/haar.c	haar.c
lib/imlib/hough.c	hough.c
lib/imlib/imlib.c	imlib.c
lib/imlib/imlib.h	imlib.h
lib/imlib/integral.c	integral.c
lib/imlib/integral_mw.c	integral_mw.c
lib/imlib/jpegd.c	jpegd.c
lib/imlib/jpege.c	jpege.c
lib/imlib/lab_tab.c	lab_tab.c
lib/imlib/line.c	line.c
lib/imlib/lodepng.c	lodepng.c
lib/imlib/lodepng.h	lodepng.h
lib/imlib/mathop.c	mathop.c
common/memcpy.c	memcpy.c
common/memcpy.h	memcpy.h
common/omv_common.h	omv_common.h
common/omv_crc.c	omv_crc.c
common/omv_crc.h	omv_crc.h
common/omv_profiler.h	omv_profiler.h
lib/imlib/gif.c	gif.c
lib/imlib/mjpeg.c	mjpeg.c
lib/imlib/orb.c	orb.c
lib/imlib/png.c	png.c
lib/imlib/point.c	point.c
lib/imlib/ppm.c	ppm.c
modules/py_assert.h	py_assert.h
modules/py_clock.c	py_clock.c
modules/py_clock.h	py_clock.h
modules/py_crc.c	py_crc.c
modules/py_gif.c	py_gif.c
modules/py_helper.c	py_helper.c
modules/py_mjpeg.c	py_mjpeg.c
modules/py_helper.h	py_helper.h
modules/py_image.c	py_image.c
modules/py_image_descriptor.c	py_image_descriptor.c
modules/py_image_descriptor.h	py_image_descriptor.h
modules/py_image.h	py_image.h
modules/py_imageio.c	py_imageio.c
modules/py_imageio.h	py_imageio.h
modules/py_image_stats.c	py_image_stats.c
modules/py_image_stats.h	py_image_stats.h
lib/imlib/qrcode.c	qrcode.c
lib/imlib/qsort.c	qsort.c
lib/imlib/rainbow_tab.c	rainbow_tab.c
lib/imlib/rectangle.c	rectangle.c
lib/imlib/simd.h	simd.h
lib/imlib/sincos_tab.c	sincos_tab.c
lib/imlib/stats.c	stats.c
lib/imlib/template.c	template.c
common/umalloc.h	umalloc.h
lib/imlib/xyz_tab.c	xyz_tab.c
lib/imlib/yuv.c	yuv.c
lib/imlib/zbar.c	zbar.c
